ba6df791-d436-42d4-b358-b0b35803b27d,2025/06/11 17:58:46,competitive,まだ決めてないからなにか考えて,"いくつか競争力のあるアイデアを考えてみました。どのような分野や状況で競争力が必要なのか教えていただけると、より具体的な提案ができますが、いくつかの一般的なアイデアを提案します。

**ビジネス関連:**

* **価格競争力:**  コスト削減による価格設定で競争優位性を築く。原材料の仕入れ先変更、生産プロセスの効率化など具体的な施策が必要。
* **差別化:** 競合他社にはない独自の強みや特徴を打ち出す。製品・サービスの品質向上、デザイン性、ブランドイメージ、顧客サービスの向上など。
* **ニッチ市場開拓:** 特定の顧客層に特化することで、競争が激しくない市場で戦う。
* **イノベーション:** 新しい技術や製品・サービスの開発による競争優位性の獲得。
* **スピード:** 新製品開発や市場への投入スピードを速める。
* **顧客ロイヤルティ:** 顧客との強い関係構築によるリピート率向上。

**個人関連:**

* **スキルアップ:** 専門スキルや資格取得による競争力強化。
* **経験の蓄積:** 幅広い経験を積むことで、多様な状況に対応できる能力を身につける。
* **ネットワーク構築:** 人脈を広げることで、情報収集や協力を得やすくなる。
* **自己ブランディング:** 個人の強みや魅力を明確に伝え、市場価値を高める。


「まだ決めてないからなにか考えて」というリクエストでは、これらが提案できる限度です。  具体的な分野や状況、そして「競争」とはどのようなものなのか（就職活動、ビジネスプラン、ゲームなど）を詳しく教えていただければ、より的確なアイデアを提供できます。
"
ba6df791-d436-42d4-b358-b0b35803b27d,2025/06/11 17:58:46,creative,訴求力のあるコピー,"訴求力のあるコピーを作成するには、ターゲット層、商品・サービス、そして伝えたいメッセージを明確にする必要があります。  以下にいくつかのパターンと例を示します。具体的な内容をいただければ、より効果的なコピーを作成できます。


**パターンと例：**

* **問題解決型:**  消費者の抱える問題を明確に提示し、商品・サービスがその解決策であることを示す。

    * 例1（ダイエット食品）： 「もう、ダイエットに失敗したくないあなたへ。〇〇サプリで、無理なく理想の体型を手に入れましょう。」
    * 例2（睡眠改善アプリ）： 「寝つきが悪い、眠りが浅い…そんな悩み、もう終わりにしませんか？ 〇〇アプリで、質の高い睡眠を手に入れましょう。」


* **メリット重視型:** 商品・サービスのメリットを具体的に、かつ魅力的に伝える。数字やデータを使用すると効果的。

    * 例1（美容液）： 「90%の人が肌のハリを実感！話題の〇〇美容液で、若々しい素肌を取り戻しましょう。」
    * 例2（掃除機）： 「驚きの吸引力で、髪の毛やホコリを徹底除去！〇〇掃除機で、清潔で快適な空間を。」


* **感情訴求型:**  消費者の感情に訴えかけることで、共感を生み出し、購買意欲を高める。

    * 例1（ペットフード）： 「大切な家族に、最高の贈りを。〇〇ペットフードで、健康と幸せを届けましょう。」
    * 例2（旅行商品）： 「忘れられない思い出を、あなたに。〇〇旅行で、心に残る旅を。」


* **好奇心喚起型:**  商品・サービスのユニークな特徴や、意外性のある情報を提示して、興味を引きつける。

    * 例1（新製品）： 「常識を覆す、画期的な技術！〇〇で、未来の生活を体験しよう。」
    * 例2（イベント）： 「今、話題沸騰中！〇〇イベントで、あなたも驚きと感動を。」


* **限定感・緊急性強調型:**  購入期限や数量限定などを強調することで、購買を促す。

    * 例1（セール）： 「今だけ！期間限定50%オフ！お早めに！」
    * 例2（キャンペーン）： 「先着100名様限定！〇〇プレゼントキャンペーン実施中！」


**より効果的なコピーを作るために必要な情報：**

* **ターゲット層は誰か？** (年齢、性別、職業、趣味、ライフスタイルなど)
* **商品・サービスの概要は？** (機能、特徴、価格など)
* **伝えたいメッセージは？** (どのような効果を期待できるか、どのような価値を提供できるか)
* **競合他社との違いは？** (独自性、強みは何か)


これらの情報を提供いただければ、より具体的で訴求力のあるコピーを作成することができます。  ぜひ、詳細を教えてください。
"
ba6df791-d436-42d4-b358-b0b35803b27d,2025/06/11 17:58:46,design,問題定義,"問題定義のデザインは、問題の性質によって大きく異なります。  しかし、一般的に効果的な問題定義のデザインには以下の要素が含まれます。

**1. 状況説明 (Context):**

* **現状:** 問題が発生している状況を簡潔に説明します。現状のデータ、統計、観察結果などを含めることで客観性を高めます。
* **背景:** 問題の根底にある原因や、問題がなぜ重要なのかを説明します。歴史的背景、社会情勢、関連する技術動向などを考慮します。
* **利害関係者:** 問題に影響を受ける人々や組織を特定し、彼らの視点や関心事を考慮します。

**2. 問題記述 (Problem Statement):**

* **明確な表現:** 問題を具体的に、簡潔に、そして誤解のないように記述します。曖昧な言葉や専門用語の乱用を避け、誰でも理解できる表現を用います。
* **測定可能な指標:** 問題の大きさを定量的に示せる指標があれば、それを含めます。例えば、「売上減少率が15%に達している」など。
* **問題の範囲:** 問題の範囲を明確に定義します。問題が限定的であればその範囲を、広範であれば優先順位の高い部分を特定します。

**3. 問題の分解 (Problem Decomposition, Optional):**

複雑な問題の場合、より小さな、扱いやすい部分問題に分解することで、解決策を見つけやすくなります。  この分解は、階層構造で表すことが有効です。

**4. 目標設定 (Goal Setting):**

* **理想状態:** 問題が解決された後の理想の状態を具体的に記述します。
* **成功基準:** 問題解決の成功をどのように測定するかを明確にします。定量的な指標を用いることが望ましいです。

**5. 制約条件 (Constraints):**

* **資源:** 解決策に使える時間、予算、人員などのリソースの制約を明記します。
* **技術:** 利用可能な技術やツール、システムの制約を明記します。
* **法的・倫理的制約:** 法律や倫理的な制約が存在する場合は、それを明記します。


**デザインのフォーマット例:**

問題定義は、テキスト、図表、マトリクスなどを組み合わせて表現できます。  以下はいくつかのフォーマット例です。

* **テキストベース:** 上記の要素を箇条書きや段落で記述するシンプルな形式。
* **図解ベース:** 問題の構造を図解で示すことで、視覚的に理解しやすくなります。例えば、魚骨図（原因分析図）やフローチャートが有効です。
* **表形式:** 問題の様々な側面を整理して表にまとめることで、比較検討がしやすくなります。


**効果的な問題定義のためのヒント:**

* **ユーザー視点:** 問題に直面するユーザーの視点に立って記述する。
* **客観性:** 主観的な意見ではなく、客観的なデータに基づいて記述する。
* **簡潔性:** 短く、分かりやすい言葉で記述する。
* **反復:** 問題定義は一度で完成するものではありません。必要に応じて修正・改善を繰り返すことが重要です。


これらの要素を適切に組み合わせることで、効果的な問題定義を作成し、解決策の探求をスムーズに進めることができます。  どのようなフォーマットを採用するかは、問題の複雑さや利害関係者のニーズによって決定すべきです。
"
ba6df791-d436-42d4-b358-b0b35803b27d,2025/06/11 17:58:46,distribution,オーディエンスデータ,"オーディエンスデータの「distribution（分布）」について、より具体的な情報が必要です。どのような分布について知りたいのでしょうか？

例えば、以下の様な情報が必要です。

* **どのようなオーディエンスデータか？**  年齢、性別、地域、興味関心、行動履歴など、どのようなデータが含まれていますか？
* **どの変数の分布を知りたいか？**  特定の属性（例：年齢）の分布を知りたいのか、複数の属性の組み合わせの分布を知りたいのか？
* **どのような分布の情報が必要か？**  平均値、中央値、標準偏差、ヒストグラム、パーセンタイル、正規分布への適合度など、具体的な指標はありますか？
* **目的は何か？**  この分布の情報を使って、何をしたいのでしょうか？（例：ターゲティング広告の最適化、市場調査、リスク分析など）

これらの情報を提供していただければ、より適切な回答を差し上げることができます。 例えば、年齢の分布を知りたい場合は、ヒストグラムや年齢階級別の割合などを提示することが考えられます。 地域分布であれば、地図上にプロットしたり、地域別の割合を示す表を作成できます。


より具体的な質問をお願いします。
"
ba6df791-d436-42d4-b358-b0b35803b27d,2025/06/11 17:58:46,validation,まだ決めてないからなにか考えて,"この入力は、何かを決めかねていることを示す発言です。  具体的な内容が不足しているため、何について決めていないのか、どのような提案を求めているのかは不明です。  検証するには、文脈が必要です。

例えば、以下の文脈があれば、より的確な検証ができます。

* **文脈例1 (友人との会話):** 「今週末、どこでご飯食べる？」「まだ決めてないからなにか考えて」 →  レストランの候補を検討する必要がある。
* **文脈例2 (仕事上のメール):** 「来週のプレゼンテーションのテーマは？」「まだ決めてないからなにか考えて」 → プレゼンテーションのテーマ案が必要である。

文脈がない状態では、この入力自体に「正誤」はありませんが、**情報が不十分である**という点で検証が必要です。  より具体的な情報があれば、適切な回答や提案ができます。
"
aa2b2e2d-7787-4384-9b40-81c6eac79008,2025/06/11 18:01:47,competitive,まだ決めてないからなにか考えて,"いくつか競争力のあるアイデアを考えてみました。どのような分野や状況で競争力が必要なのか教えていただけると、より具体的な提案ができますが、いくつかの一般的なアイデアを提案します。

**ビジネス関連:**

* **価格競争力:**  コスト削減による価格設定で競争優位性を築く。原材料の仕入れ先変更、生産プロセスの効率化など具体的な施策が必要。
* **差別化:** 競合他社にはない独自の強みや特徴を打ち出す。製品・サービスの品質向上、デザイン性、ブランドイメージ、顧客サービスの向上など。
* **ニッチ市場開拓:** 特定の顧客層に特化することで、競争が激しくない市場で戦う。
* **イノベーション:** 新しい技術や製品・サービスの開発による競争優位性の獲得。
* **スピード:** 新製品開発や市場への投入スピードを速める。
* **顧客ロイヤルティ:** 顧客との強い関係構築によるリピート率向上。

**個人関連:**

* **スキルアップ:** 専門スキルや資格取得による競争力強化。
* **経験の蓄積:** 幅広い経験を積むことで、多様な状況に対応できる能力を身につける。
* **ネットワーク構築:** 人脈を広げることで、情報収集や協力を得やすくなる。
* **自己ブランディング:** 個人の強みや魅力を明確に伝え、市場価値を高める。


「まだ決めてないからなにか考えて」というリクエストでは、これらが提案できる限度です。  具体的な分野や状況、そして「競争」とはどのようなものなのか（就職活動、ビジネスプラン、ゲームなど）を詳しく教えていただければ、より的確なアイデアを提供できます。
"
aa2b2e2d-7787-4384-9b40-81c6eac79008,2025/06/11 18:01:47,creative,印象的なビジュアル,"印象的なビジュアルとは、見る者の心に強く残る、忘れがたい視覚的表現のことです。その実現方法は多岐に渡ります。以下に、いくつかのアプローチと具体的な例を挙げ、創造性を刺激します。


**1. 構成と構図:**

* **対称性と非対称性:** 完璧な対称性は安定感と調和を生み出し、一方、非対称性は緊張感やダイナミズムを与えます。 例：完璧に対称に配置された建物と、それとは対照的に不規則に配置された自然の風景のコントラスト。
* **黄金比・三分法:** これらの構図は自然で調和のとれた印象を与え、見る者の視線を自然と導きます。例：黄金比に基づいて配置された人物と背景、三分法を用いた風景写真の構図。
* **視線誘導:**  見る者の視線を特定のポイントに誘導する要素（視線、指差し、道など）を用いることで、メッセージを効果的に伝えられます。例：モデルの視線が遠くの風景を指差している写真。
* **余白の活用:** 余白は主題を際立たせ、静寂や広がり、深みなどを表現します。例：広大な砂漠にぽつんと立つ一本の木。


**2. 色彩と光:**

* **色彩の対比:** 補色同士の組み合わせは強いインパクトを与え、類似色は穏やかな印象を与えます。例：鮮やかな赤と緑の組み合わせ、パステルカラーの落ち着いたトーン。
* **光と影:** 光の強弱や方向によって、ドラマチックな効果や神秘的な雰囲気を演出できます。例：夕焼けに照らされたシルエット、スポットライトで照らされた舞台。
* **色の象徴性:** 色にはそれぞれ固有の心理的効果があり、それを効果的に利用することで、感情やメッセージを伝えることができます。例：青色の冷静さ、赤色の情熱。


**3. テクスチャと素材:**

* **質感の表現:** 表面の粗さや滑らかさ、素材の特性などを視覚的に表現することで、リアリティや奥行き感を増します。例：木目の深いテーブル、光沢のある金属の表面。
* **素材の組み合わせ:** 異なる素材を組み合わせることで、意外性やコントラストを生み出せます。例：粗い石と繊細なレースの組み合わせ。


**4. モチーフとテーマ:**

* **象徴的なモチーフ:** 特定のテーマや感情を表すモチーフを使用することで、視覚的なメッセージを強化できます。例：平和を象徴するハト、自由を象徴する鳥。
* **ストーリーテリング:** 写真やイラストにストーリーを織り込むことで、見る者の想像力を掻き立て、より深い印象を与えます。例：物語を暗示する人物配置と背景。


**5. その他の効果:**

* **動きと速度感:** ブラー効果やダイナミックな構図を用いて動きを表現できます。例：高速で走る車の軌跡。
* **抽象表現:** 形や色を抽象的に表現することで、見る者の自由な解釈を促します。例：幾何学模様、色彩の抽象画。


これらの要素を自由に組み合わせ、独自の視覚表現を創造することで、真に印象的なビジュアルを作り出すことができます。  重要なのは、伝えたいメッセージや感情を明確に理解し、それを効果的に表現する手段を選択することです。  創造性を発揮し、実験することを恐れないでください。
"
aa2b2e2d-7787-4384-9b40-81c6eac79008,2025/06/11 18:01:47,design,共感,"共感のデザインは、対象や文脈によって大きく変わります。そこで、いくつかのデザイン案を提示します。  それぞれどのような状況で使うデザインなのかを想定しながら考えてみました。

**1. デジタルインターフェースのデザイン（ウェブサイト、アプリなど）**

* **ユーザーの声を可視化するデザイン:** ユーザーレビューやコメントを、感情分析に基づいて分類・表示する。ポジティブな意見は暖色系、ネガティブな意見は寒色系で表現することで、共感を視覚的に理解しやすくする。
* **アバターやキャラクターを用いたデザイン:** ユーザーが自身の感情を表すアバターを選択でき、他のユーザーと共感しやすくなるようなシステム。  アバターの表情や行動が感情を反映するように設計する。
* **共感度の可視化:** 投票システムやアンケート結果をリアルタイムで表示し、多くのユーザーが同じ意見を持っていることを視覚的に示すことで、共感を得やすくなるようにデザインする。  パーセンテージやグラフなどを利用。
* **パーソナライズされたコンテンツ:** ユーザーの行動履歴やプロファイルに基づき、ユーザーの状況や感情に合わせたコンテンツを提示する。  例えば、ユーザーが落ち込んでいる時は、励ましのメッセージを表示する。

**2. 物理的なデザイン（プロダクト、空間など）**

* **触感に配慮したデザイン:**  柔らかな素材を使用したり、温かみのある色を採用したりすることで、ユーザーに安心感や共感を与えやすいプロダクトをデザインする。
* **共感的な空間デザイン:**  落ち着いた照明、自然素材、ゆったりとした空間配置など、ユーザーがリラックスして感情を共有できるような空間をデザインする。  例えば、カウンセリングルームやカフェなど。
* **象徴的なデザイン:**  特定の感情や状況を象徴するデザインを用いることで、ユーザーが自身の感情を表現しやすくなるようなプロダクトや空間をデザインする。例えば、悲しみを表現する暗い色のオブジェクトなど。


**3. グラフィックデザイン**

* **共感を呼び起こす画像やイラスト:**  表情豊かな人物のイラストや、感情を表現する抽象的な画像を使用する。
* **共感を促すフォントや色使い:**  親しみやすいフォントや、暖色系の色使いで、安心感を与えるデザインにする。
* **ストーリーテリングを用いたデザイン:**  共感しやすいストーリーを視覚的に表現することで、ユーザーの感情に訴えかけるデザインにする。


これらのデザイン案はあくまで出発点です。  具体的な「共感」の対象、伝えたいメッセージ、そしてターゲット層を明確にすることで、より効果的なデザインを考案できます。  例えば、「ペットロスへの共感」と「職場での同僚との共感」では、全く異なるデザインアプローチが必要になります。


さらに、デザインにおけるアクセシビリティにも配慮する必要があります。  視覚障害者や聴覚障害者など、様々なユーザーが共感できるデザインを目指しましょう。
"
aa2b2e2d-7787-4384-9b40-81c6eac79008,2025/06/11 18:01:47,distribution,リーチ数と頻度,"リーチ数と頻度の分布をどのように表現したいかによって、最適な方法は異なります。いくつかの可能性を以下に示します。

**1. 表形式:**

最もシンプルで分かりやすい方法です。リーチ数と頻度を並べた表を作成します。

| リーチ数 | 頻度 |
|---|---|
| 1000 | 5 |
| 2000 | 10 |
| 3000 | 15 |
| 4000 | 8 |
| 5000 | 2 |


**2. ヒストグラム:**

リーチ数を階級に分け、各階級に属する頻度を棒グラフで表示します。データの分布を視覚的に捉えやすくなります。  階級幅の選び方によって、分布の形状が変わるので注意が必要です。

**3. 散布図:**

リーチ数と頻度の関係を点でプロットします。リーチ数が多いほど頻度が高くなる傾向があるか、あるいは他の相関関係があるかどうかを視覚的に確認できます。

**4. 確率密度関数 (PDF) の近似:**

データの分布を近似する確率密度関数（例えば、正規分布、ガンマ分布など）を当てはめることができます。  これにより、分布の特性（平均、分散など）を定量的に分析できます。  ヒストグラムと重ねて表示することで、近似の良さを確認できます。  ただし、適切な分布を選択することが重要です。

**5.累積分布関数 (CDF):**

リーチ数が特定の値以下になる累積確率を示すグラフです。全体のデータにおけるリーチ数の割合を把握するのに役立ちます。


どの方法が最適かは、データの量、データの特性、そして伝えたい情報によって異なります。

例えば、データ数が少ない場合は表形式が適しています。データ数が多く、分布の形状に興味がある場合はヒストグラムが適しています。  リーチ数と頻度の相関関係に興味がある場合は散布図が適しています。  より詳細な統計的分析が必要な場合は、確率密度関数や累積分布関数の近似が適しています。


具体的なリーチ数と頻度のデータがあれば、より適切な表現方法を提案できます。  データを提供していただければ幸いです。
"
aa2b2e2d-7787-4384-9b40-81c6eac79008,2025/06/11 18:01:47,validation,まだ決めてないからなにか考えて,"この入力は、何かを決めかねていることを示す発言です。  具体的な内容が不足しているため、何について決めていないのか、どのような提案を求めているのかは不明です。  検証するには、文脈が必要です。

例えば、以下の文脈があれば、より的確な検証ができます。

* **文脈例1 (友人との会話):** 「今週末、どこでご飯食べる？」「まだ決めてないからなにか考えて」 →  レストランの候補を検討する必要がある。
* **文脈例2 (仕事上のメール):** 「来週のプレゼンテーションのテーマは？」「まだ決めてないからなにか考えて」 → プレゼンテーションのテーマ案が必要である。

文脈がない状態では、この入力自体に「正誤」はありませんが、**情報が不十分である**という点で検証が必要です。  より具体的な情報があれば、適切な回答や提案ができます。
"
496c7eee-17f8-4e13-8543-3daf5c9099eb,2025/06/11 18:03:42,competitive,わかりません,"「competitive」は日本語で「競争の」「競争的な」「競争力のある」といった意味になります。文脈によって最適な訳語は異なります。

例えば、

* **""The job market is very competitive.""**  → 「就職市場は非常に競争が激しい。」
* **""He has a very competitive spirit.""** → 「彼は非常に競争心が強い。」
* **""Our prices are very competitive.""** → 「私たちの価格は非常に競争力がある。」

のように訳せます。

「わかりません」という入力内容だけでは、適切な日本語訳を提供できません。どのような文脈で「competitive」が使われているか教えていただければ、より正確な翻訳をいたします。
"
496c7eee-17f8-4e13-8543-3daf5c9099eb,2025/06/11 18:03:42,creative,訴求力のあるコピー,"訴求力のあるコピーを作成するには、ターゲット層、商品・サービス、そして伝えたいメッセージを明確にする必要があります。  以下にいくつかのパターンと例を示します。具体的な内容をいただければ、より効果的なコピーを作成できます。


**パターンと例：**

* **問題解決型:**  消費者の抱える問題を明確に提示し、商品・サービスがその解決策であることを示す。

    * 例1（ダイエット食品）： 「もう、ダイエットに失敗したくないあなたへ。〇〇サプリで、無理なく理想の体型を手に入れましょう。」
    * 例2（睡眠改善アプリ）： 「寝つきが悪い、眠りが浅い…そんな悩み、もう終わりにしませんか？ 〇〇アプリで、質の高い睡眠を手に入れましょう。」


* **メリット重視型:** 商品・サービスのメリットを具体的に、かつ魅力的に伝える。数字やデータを使用すると効果的。

    * 例1（美容液）： 「90%の人が肌のハリを実感！話題の〇〇美容液で、若々しい素肌を取り戻しましょう。」
    * 例2（掃除機）： 「驚きの吸引力で、髪の毛やホコリを徹底除去！〇〇掃除機で、清潔で快適な空間を。」


* **感情訴求型:**  消費者の感情に訴えかけることで、共感を生み出し、購買意欲を高める。

    * 例1（ペットフード）： 「大切な家族に、最高の贈りを。〇〇ペットフードで、健康と幸せを届けましょう。」
    * 例2（旅行商品）： 「忘れられない思い出を、あなたに。〇〇旅行で、心に残る旅を。」


* **好奇心喚起型:**  商品・サービスのユニークな特徴や、意外性のある情報を提示して、興味を引きつける。

    * 例1（新製品）： 「常識を覆す、画期的な技術！〇〇で、未来の生活を体験しよう。」
    * 例2（イベント）： 「今、話題沸騰中！〇〇イベントで、あなたも驚きと感動を。」


* **限定感・緊急性強調型:**  購入期限や数量限定などを強調することで、購買を促す。

    * 例1（セール）： 「今だけ！期間限定50%オフ！お早めに！」
    * 例2（キャンペーン）： 「先着100名様限定！〇〇プレゼントキャンペーン実施中！」


**より効果的なコピーを作るために必要な情報：**

* **ターゲット層は誰か？** (年齢、性別、職業、趣味、ライフスタイルなど)
* **商品・サービスの概要は？** (機能、特徴、価格など)
* **伝えたいメッセージは？** (どのような効果を期待できるか、どのような価値を提供できるか)
* **競合他社との違いは？** (独自性、強みは何か)


これらの情報を提供いただければ、より具体的で訴求力のあるコピーを作成することができます。  ぜひ、詳細を教えてください。
"
496c7eee-17f8-4e13-8543-3daf5c9099eb,2025/06/11 18:03:42,design,問題定義,"問題定義のデザインは、問題の性質によって大きく異なります。  しかし、一般的に効果的な問題定義のデザインには以下の要素が含まれます。

**1. 状況説明 (Context):**

* **現状:** 問題が発生している状況を簡潔に説明します。現状のデータ、統計、観察結果などを含めることで客観性を高めます。
* **背景:** 問題の根底にある原因や、問題がなぜ重要なのかを説明します。歴史的背景、社会情勢、関連する技術動向などを考慮します。
* **利害関係者:** 問題に影響を受ける人々や組織を特定し、彼らの視点や関心事を考慮します。

**2. 問題記述 (Problem Statement):**

* **明確な表現:** 問題を具体的に、簡潔に、そして誤解のないように記述します。曖昧な言葉や専門用語の乱用を避け、誰でも理解できる表現を用います。
* **測定可能な指標:** 問題の大きさを定量的に示せる指標があれば、それを含めます。例えば、「売上減少率が15%に達している」など。
* **問題の範囲:** 問題の範囲を明確に定義します。問題が限定的であればその範囲を、広範であれば優先順位の高い部分を特定します。

**3. 問題の分解 (Problem Decomposition, Optional):**

複雑な問題の場合、より小さな、扱いやすい部分問題に分解することで、解決策を見つけやすくなります。  この分解は、階層構造で表すことが有効です。

**4. 目標設定 (Goal Setting):**

* **理想状態:** 問題が解決された後の理想の状態を具体的に記述します。
* **成功基準:** 問題解決の成功をどのように測定するかを明確にします。定量的な指標を用いることが望ましいです。

**5. 制約条件 (Constraints):**

* **資源:** 解決策に使える時間、予算、人員などのリソースの制約を明記します。
* **技術:** 利用可能な技術やツール、システムの制約を明記します。
* **法的・倫理的制約:** 法律や倫理的な制約が存在する場合は、それを明記します。


**デザインのフォーマット例:**

問題定義は、テキスト、図表、マトリクスなどを組み合わせて表現できます。  以下はいくつかのフォーマット例です。

* **テキストベース:** 上記の要素を箇条書きや段落で記述するシンプルな形式。
* **図解ベース:** 問題の構造を図解で示すことで、視覚的に理解しやすくなります。例えば、魚骨図（原因分析図）やフローチャートが有効です。
* **表形式:** 問題の様々な側面を整理して表にまとめることで、比較検討がしやすくなります。


**効果的な問題定義のためのヒント:**

* **ユーザー視点:** 問題に直面するユーザーの視点に立って記述する。
* **客観性:** 主観的な意見ではなく、客観的なデータに基づいて記述する。
* **簡潔性:** 短く、分かりやすい言葉で記述する。
* **反復:** 問題定義は一度で完成するものではありません。必要に応じて修正・改善を繰り返すことが重要です。


これらの要素を適切に組み合わせることで、効果的な問題定義を作成し、解決策の探求をスムーズに進めることができます。  どのようなフォーマットを採用するかは、問題の複雑さや利害関係者のニーズによって決定すべきです。
"
496c7eee-17f8-4e13-8543-3daf5c9099eb,2025/06/11 18:03:42,distribution,リーチ数と頻度,"リーチ数と頻度の分布をどのように表現したいかによって、最適な方法は異なります。いくつかの可能性を以下に示します。

**1. 表形式:**

最もシンプルで分かりやすい方法です。リーチ数と頻度を並べた表を作成します。

| リーチ数 | 頻度 |
|---|---|
| 1000 | 5 |
| 2000 | 10 |
| 3000 | 15 |
| 4000 | 8 |
| 5000 | 2 |


**2. ヒストグラム:**

リーチ数を階級に分け、各階級に属する頻度を棒グラフで表示します。データの分布を視覚的に捉えやすくなります。  階級幅の選び方によって、分布の形状が変わるので注意が必要です。

**3. 散布図:**

リーチ数と頻度の関係を点でプロットします。リーチ数が多いほど頻度が高くなる傾向があるか、あるいは他の相関関係があるかどうかを視覚的に確認できます。

**4. 確率密度関数 (PDF) の近似:**

データの分布を近似する確率密度関数（例えば、正規分布、ガンマ分布など）を当てはめることができます。  これにより、分布の特性（平均、分散など）を定量的に分析できます。  ヒストグラムと重ねて表示することで、近似の良さを確認できます。  ただし、適切な分布を選択することが重要です。

**5.累積分布関数 (CDF):**

リーチ数が特定の値以下になる累積確率を示すグラフです。全体のデータにおけるリーチ数の割合を把握するのに役立ちます。


どの方法が最適かは、データの量、データの特性、そして伝えたい情報によって異なります。

例えば、データ数が少ない場合は表形式が適しています。データ数が多く、分布の形状に興味がある場合はヒストグラムが適しています。  リーチ数と頻度の相関関係に興味がある場合は散布図が適しています。  より詳細な統計的分析が必要な場合は、確率密度関数や累積分布関数の近似が適しています。


具体的なリーチ数と頻度のデータがあれば、より適切な表現方法を提案できます。  データを提供していただければ幸いです。
"
496c7eee-17f8-4e13-8543-3daf5c9099eb,2025/06/11 18:03:42,validation,わかりません,"「わかりません」という入力に対する妥当性検証は、文脈に依存します。どのような状況で「わかりません」という入力がなされたのかによって、それが妥当かどうかが変わってきます。

いくつかのケースと、それぞれの妥当性検証について見ていきましょう。

* **ケース1: 必須項目への入力:**  例えば、氏名や住所といった必須項目に「わかりません」が入力された場合、これは**不正な入力**です。必須項目には回答が求められているため、「わかりません」は受け入れられません。検証としては、空欄チェックと合わせて、「わかりません」という文字列のチェックを行う必要があります。

* **ケース2: 選択肢からの選択:**  選択肢（例：性別：男性、女性）から選択する項目に「わかりません」が入力された場合、システムの設計次第です。選択肢に「その他」や「回答しない」が含まれているなら**妥当**かもしれません。含まれていないなら**不正な入力**となります。

* **ケース3: 自由記述欄への入力:**  アンケートなどの自由記述欄に「わかりません」が入力された場合、これは**妥当な入力**です。ユーザーが実際にわからない場合、正直に「わかりません」と回答することは自然な行為です。検証は特に必要ありません。

* **ケース4: 数値入力欄への入力:**  数値を入力する項目に「わかりません」が入力された場合、これは**不正な入力**です。数値以外の文字列が入力されているため、エラーとして扱われます。数値チェックと合わせて「わかりません」の文字列をチェックする必要があります。


結論として、「わかりません」の妥当性検証は、**入力項目の性質と文脈を考慮する必要があります。**  システム設計時に、どの項目で「わかりません」が許容されるのか、そしてどのように扱うかを明確に定義する必要があります。  エラーメッセージも、文脈に合わせて適切なものを表示する必要があります。  例えば、必須項目の場合は「この項目への入力は必須です。」、選択肢型の場合は「選択肢から選んでください。」といったメッセージが良いでしょう。
"
